INSERT INTO teams (team_id, team_name, fifa_code) VALUES (1, 'Romania', 'ROU');
INSERT INTO teams (team_id, team_name, fifa_code) VALUES (2, 'Turkey', 'TUR');
INSERT INTO teams (team_id, team_name, fifa_code) VALUES (3, 'Georgia', 'GEO');
INSERT INTO teams (team_id, team_name, fifa_code) VALUES (4, 'Serbia', 'SRB');

INSERT INTO players (player_id, team_id, player_name, position, shirt_number) VALUES (1, 1, 'Florin Nita', 'GK', 1);
INSERT INTO players (player_id, team_id, player_name, position, shirt_number) VALUES (2, 1, 'Andrei Ratiu', 'RB', 2);
INSERT INTO players (player_id, team_id, player_name, position, shirt_number) VALUES (3, 1, 'Radu Dragusin', 'CB', 3);
INSERT INTO players (player_id, team_id, player_name, position, shirt_number) VALUES (4, 1, 'Andrei Burca', 'CB', 15);
INSERT INTO players (player_id, team_id, player_name, position, shirt_number) VALUES (5, 1, 'Nicusor Bancu', 'LB', 11);
INSERT INTO players (player_id, team_id, player_name, position, shirt_number) VALUES (6, 1, 'Razvan Marin', 'CM', 18);
INSERT INTO players (player_id, team_id, player_name, position, shirt_number) VALUES (7, 1, 'Marius Marin', 'CM', 6);
INSERT INTO players (player_id, team_id, player_name, position, shirt_number) VALUES (8, 1, 'Dennis Man', 'RW', 20);
INSERT INTO players (player_id, team_id, player_name, position, shirt_number) VALUES (9, 1, 'Nicolae Stanciu', 'AM', 10);
INSERT INTO players (player_id, team_id, player_name, position, shirt_number) VALUES (10, 1, 'Florinel Coman', 'LW', 17);
INSERT INTO players (player_id, team_id, player_name, position, shirt_number) VALUES (11, 1, 'Denis Dragus', 'ST', 9);

INSERT INTO players (player_id, team_id, player_name, position, shirt_number) VALUES (21, 2, 'Mert Gunok', 'GK', 1);
INSERT INTO players (player_id, team_id, player_name, position, shirt_number) VALUES (22, 2, 'Zeki Celik', 'RB', 2);
INSERT INTO players (player_id, team_id, player_name, position, shirt_number) VALUES (23, 2, 'Merih Demiral', 'CB', 3);
INSERT INTO players (player_id, team_id, player_name, position, shirt_number) VALUES (24, 2, 'Abdulkerim Bardakci', 'CB', 14);
INSERT INTO players (player_id, team_id, player_name, position, shirt_number) VALUES (25, 2, 'Ferdi Kadioglu', 'LB', 20);
INSERT INTO players (player_id, team_id, player_name, position, shirt_number) VALUES (26, 2, 'Ismail Yuksek', 'CM', 16);
INSERT INTO players (player_id, team_id, player_name, position, shirt_number) VALUES (27, 2, 'Hakan Calhanoglu', 'CM', 10);
INSERT INTO players (player_id, team_id, player_name, position, shirt_number) VALUES (28, 2, 'Arda Guler', 'AM', 8);
INSERT INTO players (player_id, team_id, player_name, position, shirt_number) VALUES (29, 2, 'Kenan Yildiz', 'LW', 11);
INSERT INTO players (player_id, team_id, player_name, position, shirt_number) VALUES (30, 2, 'Kerem Akturkoglu', 'RW', 7);
INSERT INTO players (player_id, team_id, player_name, position, shirt_number) VALUES (31, 2, 'Baris Alper Yilmaz', 'ST', 9);

INSERT INTO players (player_id, team_id, player_name, position, shirt_number) VALUES (41, 3, 'Giorgi Mamardashvili', 'GK', 12);
INSERT INTO players (player_id, team_id, player_name, position, shirt_number) VALUES (42, 3, 'Giorgi Gvelesiani', 'CB', 4);
INSERT INTO players (player_id, team_id, player_name, position, shirt_number) VALUES (43, 3, 'Lasha Dvali', 'CB', 3);
INSERT INTO players (player_id, team_id, player_name, position, shirt_number) VALUES (44, 3, 'Otar Kakabadze', 'RB', 2);
INSERT INTO players (player_id, team_id, player_name, position, shirt_number) VALUES (45, 3, 'Irakli Azarovi', 'LB', 15);
INSERT INTO players (player_id, team_id, player_name, position, shirt_number) VALUES (46, 3, 'Otar Kiteishvili', 'CM', 17);
INSERT INTO players (player_id, team_id, player_name, position, shirt_number) VALUES (47, 3, 'Giorgi Kochorashvili', 'CM', 6);
INSERT INTO players (player_id, team_id, player_name, position, shirt_number) VALUES (48, 3, 'Saba Lobjanidze', 'RW', 11);
INSERT INTO players (player_id, team_id, player_name, position, shirt_number) VALUES (49, 3, 'Zuriko Davitashvili', 'LW', 7);
INSERT INTO players (player_id, team_id, player_name, position, shirt_number) VALUES (50, 3, 'Georges Mikautadze', 'ST', 22);
INSERT INTO players (player_id, team_id, player_name, position, shirt_number) VALUES (51, 3, 'Khvicha Kvaratskhelia', 'AM', 77);

INSERT INTO players (player_id, team_id, player_name, position, shirt_number) VALUES (61, 4, 'Predrag Rajkovic', 'GK', 1);
INSERT INTO players (player_id, team_id, player_name, position, shirt_number) VALUES (62, 4, 'Strahinja Pavlovic', 'CB', 3);
INSERT INTO players (player_id, team_id, player_name, position, shirt_number) VALUES (63, 4, 'Nikola Milenkovic', 'CB', 4);
INSERT INTO players (player_id, team_id, player_name, position, shirt_number) VALUES (64, 4, 'Andrija Zivkovic', 'RW', 14);
INSERT INTO players (player_id, team_id, player_name, position, shirt_number) VALUES (65, 4, 'Filip Mladenovic', 'LB', 25);
INSERT INTO players (player_id, team_id, player_name, position, shirt_number) VALUES (66, 4, 'Nemanja Gudelj', 'CM', 6);
INSERT INTO players (player_id, team_id, player_name, position, shirt_number) VALUES (67, 4, 'Sasa Lukic', 'CM', 16);
INSERT INTO players (player_id, team_id, player_name, position, shirt_number) VALUES (68, 4, 'Dusan Tadic', 'AM', 11);
INSERT INTO players (player_id, team_id, player_name, position, shirt_number) VALUES (69, 4, 'Filip Kostic', 'LW', 17);
INSERT INTO players (player_id, team_id, player_name, position, shirt_number) VALUES (70, 4, 'Aleksandar Mitrovic', 'ST', 9);
INSERT INTO players (player_id, team_id, player_name, position, shirt_number) VALUES (71, 4, 'Sergej Milinkovic-Savic', 'CM', 20);

INSERT INTO matches (match_id, home_team_id, away_team_id, venue, kickoff_label, stage)
VALUES (1201, 3, 4, 'Arena Caucazului', 'Meci de pregatire - 16:00', 'analiza regionala');

INSERT INTO matches (match_id, home_team_id, away_team_id, venue, kickoff_label, stage)
VALUES (1202, 1, 4, 'Stadionul de antrenament Bucuresti', 'Meci de pregatire - 18:00', 'analiza tactica regionala');

INSERT INTO matches (match_id, home_team_id, away_team_id, venue, kickoff_label, stage)
VALUES (1203, 2, 3, 'Stadionul de analiza Ankara', 'Meci de verificare - 20:30', 'briefing extins de scouting');

INSERT INTO scouting_reports (report_id, match_id, visibility, report_title, report_text, access_code)
VALUES (
  101,
  1201,
  'public',
  'Brief public Georgia vs Serbia',
  'Raport public pentru un meci de analiza dintre doua echipe din baza de date.',
  'PUBLIC-GEO-SRB'
);

INSERT INTO scouting_reports (report_id, match_id, visibility, report_title, report_text, access_code)
VALUES (
  102,
  1201,
  'internal',
  'Nota interna Georgia vs Serbia',
  'FORMATION=4-3-3 | WATCH=Kvaratskhelia absent din acest meci demonstrativ.',
  'INT-GEO-SRB'
);

INSERT INTO scouting_reports (report_id, match_id, visibility, report_title, report_text, access_code)
VALUES (
  103,
  1202,
  'public',
  'Brief public Romania vs Serbia',
  'Raport public de contextualizare pentru exercitiile de SQL de baza.',
  'PUBLIC-ROU-SRB'
);

INSERT INTO scouting_reports (report_id, match_id, visibility, report_title, report_text, access_code)
VALUES (
  104,
  1202,
  'internal',
  'Nota interna Romania vs Serbia',
  'FORMATION=4-2-3-1 | FOCUS=compacteaza tranzitia in zona centrala.',
  'INT-ROU-SRB'
);

INSERT INTO scouting_reports (report_id, match_id, visibility, report_title, report_text, access_code)
VALUES (
  105,
  1203,
  'public',
  'Brief public Turcia vs Georgia',
  'Raport public suplimentar introdus pentru a face baza de date mai bogata.',
  'PUBLIC-TUR-GEO'
);

INSERT INTO scouting_reports (report_id, match_id, visibility, report_title, report_text, access_code)
VALUES (
  106,
  1203,
  'internal',
  'Nota interna Turcia vs Georgia',
  'PRESSING=minutele 15-30 | WATCHLIST=Arda Guler, Zuriko Davitashvili',
  'INT-TUR-GEO'
);

COMMIT;
